request,0,0,0,-1.3,-2.5,-7.7,distances,154,54,200,96,195,50
request,0,0,0,-1.3,-2.5,-7.7,distances,154,54,200,96,195,50
request,0,0,0,-1.3,-2.5,-7.7,distances,154,54,200,96,195,50
request,0,0,0,-1.3,-2.5,-7.7,distances,154,54,200,96,195,50
request,0,0,0,-1.3,-2.5,-7.7,distances,154,54,200,96,195,50
request,0,0,0,-1.3,-2.5,-7.7,distances,154,54,200,96,195,50
request,0,0,0,-1.3,-2.5,-7.7,distances,154,54,200,96,195,50
request,0,0,0,-1.3,-2.5,-7.7,distances,154,54,200,96,195,50
request,0,0,0,-1.3,-2.5,-7.7,distances,154,54,200,96,195,50
request,0,0,0,-1.3,-2.5,-7.7,distances,154,54,200,96,195,50
request,0,0,0,-1.3,-2.5,-7.7,distances,154,54,200,96,195,50
request,0,0,0,-1.3,-2.5,-7.7,distances,154,54,200,96,195,50
request,0,0,0,-1.3,-2.5,-7.7,distances,154,54,200,96,195,50
request,0,0,0,-1.3,-2.5,-7.7,distances,154,54,200,96,195,50
request,0,0,0,-1.3,-2.5,-7.7,distances,154,54,200,96,195,50
request,0,0,0,-1.3,-2.5,-7.7,distances,154,54,200,96,195,50
request,0,0,0,-1.3,-2.5,-7.7,distances,154,54,200,96,195,50
request,0,0,0,-1.3,-2.5,-7.7,distances,154,54,200,96,195,50
request,0,0,0,-1.3,-2.5,-7.7,distances,154,54,200,96,195,50
request,0,0,0,-1.3,-2.5,-7.7,distances,154,54,200,96,195,50
request,0,0,0,-1.3,-2.5,-7.7,distances,154,54,200,96,195,50
request,0,0,0,-1.3,-2.5,-7.7,distances,154,54,200,96,195,50
request,0,0,0,-1.3,-2.5,-7.7,distances,154,54,200,96,195,50
request,0,0,0,-1.3,-2.5,-7.7,distances,154,54,200,96,195,50
request,0,0,0,-1.3,-2.5,-7.7,distances,154,54,200,96,195,50
request,0,0,0,-1.3,-2.5,-7.7,distances,154,54,200,96,195,50
request,0,0,0,-1.3,-2.5,-7.7,distances,154,54,200,96,195,50
request,0,0,0,-1.3,-2.5,-7.7,distances,154,54,200,96,195,50
request,0,0,0,-1.3,-2.5,-7.7,distances,154,54,200,96,195,50
request,0,0,0,-1.3,-2.5,-7.7,distances,154,54,200,96,195,50
request,0,0,0,-1.3,-2.5,-7.7,distances,154,54,200,96,195,50
request,0,0,0,-1.3,-2.5,-7.7,distances,154,54,200,96,195,50
request,0,0,0,-1.3,-2.5,-7.7,distances,154,54,200,96,195,50
request,0,0,0,-1.3,-2.5,-7.7,distances,154,54,200,96,195,50
request,0,0,0,-1.3,-2.5,-7.7,distances,154,54,200,96,195,50
request,0,0,0,-1.3,-2.5,-7.7,distances,154,54,200,96,195,50
request,0,0,0,-1.3,-2.5,-7.7,distances,154,54,200,96,195,50
request,0,0,0,-1.3,-2.5,-7.7,distances,154,54,200,96,195,50
request,0,0,0,-1.3,-2.5,-7.7,distances,154,54,200,96,195,50
request,0,0,0,-1.3,-2.5,-7.7,distances,154,54,200,96,195,50
request,0,0,0,-1.3,-2.5,-7.7,distances,154,54,200,96,195,50
request,0,0,0,-1.3,-2.5,-7.7,distances,154,54,200,96,195,50
request,0,0,0,-1.3,-2.5,-7.7,distances,154,54,200,96,195,50
request,0,0,0,-1.3,-2.5,-7.7,distances,154,54,200,96,195,50
request,0,0,0,-1.3,-2.5,-7.7,distances,154,54,200,96,195,50
request,0,0,0,-1.3,-2.5,-7.7,distances,154,54,200,96,195,50
request,0,0,0,-1.3,-2.5,-7.7,distances,154,54,200,96,195,50
request,0,0,0,-1.3,-2.5,-7.7,distances,154,54,200,96,195,50
request,0,0,0,-1.3,-2.5,-7.7,distances,154,54,200,96,195,50
request,0,0,0,-1.3,-2.5,-7.7,distances,154,54,200,96,195,50
request,0,0,0,-1.3,-2.5,-7.7,distances,154,54,200,96,195,50
request,0,0,0,-1.3,-2.5,-7.7,distances,154,54,200,96,195,50
request,0,0,0,-1.3,-2.5,-7.7,distances,154,54,200,96,195,50
request,0,0,0,-1.3,-2.5,-7.7,distances,154,54,200,96,195,50
request,0,0,0,-1.3,-2.5,-7.7,distances,154,54,200,96,195,50
request,0,0,0,-1.3,-2.5,-7.7,distances,154,54,200,96,195,50
request,0,0,0,-1.3,-2.5,-7.7,distances,154,54,200,96,195,50
request,0,0,0,-1.3,-2.5,-7.7,distances,154,54,200,96,195,50
request,0,0,0,-1.3,-2.5,-7.7,distances,154,54,200,96,195,50
request,0,0,0,-1.3,-2.5,-7.7,distances,154,54,200,96,195,50
request,0,0,0,-1.3,-2.5,-7.7,distances,154,54,200,96,195,50
request,0,0,0,-1.3,-2.5,-7.7,distances,154,54,200,96,195,50
request,0,0,0,-1.3,-2.5,-7.7,distances,154,54,200,96,195,50
request,0,0,0,-1.3,-2.5,-7.7,distances,154,54,200,96,195,50
request,0,0,0,-1.3,-2.5,-7.7,distances,154,54,200,96,195,50
request,0,0,0,-1.3,-2.5,-7.7,distances,154,54,200,96,195,50
request,0,0,0,-1.3,-2.5,-7.6,distances,154,55,200,96,194,50
request,0,0,0,-1.3,-2.5,-7.6,distances,154,55,200,96,194,50
request,0,0,0,0.0,0.0,0.0,distances,132,132,132,132,132,132
request,0,0,0,0.0,0.0,0.0,distances,132,132,132,132,132,132
request,0,0,0,0.0,0.0,0.0,distances,132,132,132,132,132,132
request,0,0,0,0.0,0.0,0.0,distances,132,132,132,132,132,132
request,0,0,0,0.0,0.0,0.0,distances,132,132,132,132,132,132
request,0,0,0,0.0,0.0,0.0,distances,132,132,132,132,132,132
request,0,0,0,0.0,0.0,0.0,distances,132,132,132,132,132,132
request,0,0,0,0.0,0.0,0.0,distances,132,132,132,132,132,132
request,0,0,0,0.0,0.0,0.0,distances,132,132,132,132,132,132
request,0,0,0,0.0,0.0,0.0,distances,132,132,132,132,132,132
request,0,0,0,0.0,0.0,0.0,distances,132,132,132,132,132,132
request,0,0,0,0.0,0.0,0.0,distances,132,132,132,132,132,132
request,0,0,0,0.1,-0.4,-12.0,distances,200,33,200,35,200,27
request,0,0,0,0.1,-0.4,-12.0,distances,200,33,200,35,200,27
request,0,0,0,0.1,-0.4,-12.0,distances,200,33,200,35,200,27
request,0,0,0,0.1,-0.4,-12.0,distances,200,33,200,35,200,27
request,0,0,0,0.1,-0.4,-12.0,distances,200,33,200,35,200,27
request,0,0,0,0.1,-0.4,-12.0,distances,200,33,200,35,200,27
request,0,0,0,0.1,-0.4,-12.0,distances,200,33,200,35,200,27
request,0,0,0,0.1,-0.4,-12.0,distances,200,33,200,35,200,27
request,0,0,0,0.1,-0.4,-12.0,distances,200,33,200,35,200,27
request,0,0,0,0.1,-0.4,-12.0,distances,200,33,200,35,200,27
request,0,0,0,0.1,-0.4,-12.0,distances,200,33,200,35,200,27
request,0,0,0,0.1,-0.4,-12.0,distances,200,33,200,35,200,27
request,0,0,0,0.1,-0.4,-12.0,distances,200,33,200,35,200,27
request,0,0,0,0.1,-0.4,-12.0,distances,200,33,200,35,200,27
request,0,0,0,0.1,-0.4,-12.0,distances,200,33,200,35,200,27
request,0,0,0,0.1,-0.4,-12.0,distances,200,32,200,35,200,28
request,0,0,0,0.1,-0.4,-12.0,distances,200,32,200,35,200,28
request,0,0,0,0.1,-0.4,-12.0,distances,200,32,200,35,200,28
request,0,0,0,0.1,-0.4,-12.0,distances,200,32,200,35,200,28
request,0,0,0,0.1,-0.4,-12.0,distances,200,32,200,35,200,28
request,0,0,0,0.1,-0.4,-12.0,distances,200,32,200,35,200,28
request,0,0,0,0.1,-0.4,-12.0,distances,200,32,200,35,200,28
request,0,0,0,0.1,-0.4,-12.0,distances,200,32,200,35,200,28
request,0,0,0,0.1,-0.4,-12.0,distances,200,32,200,35,200,28
request,0,0,0,0.1,-0.4,-12.0,distances,200,32,200,35,200,28
request,0,0,0,0.1,-0.4,-12.0,distances,200,32,200,35,200,28
request,0,0,0,0.1,-0.4,-12.0,distances,200,32,200,35,200,28
request,0,0,0,0.1,-0.4,-12.0,distances,200,32,200,35,200,28
request,0,0,0,0.1,-0.4,-12.0,distances,200,32,200,35,200,28
request,0,0,0,0.1,-0.4,-12.0,distances,200,32,200,35,200,28
request,0,0,0,0.1,-0.4,-12.0,distances,200,32,200,35,200,28
request,0,0,0,0.1,-0.4,-12.0,distances,200,32,200,35,200,28
request,0,0,0,0.1,-0.4,-12.0,distances,200,32,200,35,200,28
request,0,0,0,0.1,-0.4,-12.0,distances,200,32,200,35,200,28
request,0,0,0,0.1,-0.4,-12.0,distances,200,32,200,35,200,28
request,0,0,0,0.1,-0.4,-12.0,distances,200,32,200,35,200,28
request,0,0,0,0.1,-0.4,-12.0,distances,200,32,200,35,200,28
request,0,0,0,0.1,-0.4,-12.0,distances,200,32,200,35,200,28
request,0,0,0,0.1,-0.4,-12.0,distances,200,32,200,35,200,28
request,0,0,0,0.1,-0.4,-12.0,distances,200,32,200,35,200,28
request,0,0,0,0.1,-0.4,-12.0,distances,200,32,200,35,200,28
request,0,0,0,0.1,-0.4,-12.0,distances,200,32,200,35,200,28
request,0,0,0,0.1,-0.4,-12.0,distances,200,32,200,35,200,28
request,0,0,0,0.1,-0.4,-12.0,distances,200,32,200,35,200,28
request,0,0,0,0.1,-0.4,-12.0,distances,200,32,200,35,200,28
request,0,0,0,0.1,-0.4,-12.0,distances,200,32,200,35,200,28
request,0,0,0,0.1,-0.4,-12.0,distances,200,32,200,35,200,28
request,0,0,0,0.1,-0.4,-12.0,distances,200,32,200,35,200,28
request,0,0,0,0.1,-0.4,-12.0,distances,200,32,200,35,200,28
request,0,0,0,0.1,-0.4,-12.0,distances,200,32,200,35,200,28
request,0,0,0,0.1,-0.4,-12.0,distances,200,32,200,35,200,28
request,0,0,0,0.1,-0.4,-12.0,distances,200,32,200,35,200,28
request,0,0,0,0.1,-0.4,-12.0,distances,200,32,200,35,200,28
request,0,0,0,0.1,-0.4,-12.0,distances,200,32,200,35,200,28
request,0,0,0,0.1,-0.4,-12.0,distances,200,32,200,35,200,28
request,0,0,0,0.1,-0.4,-12.0,distances,200,32,200,35,200,28
request,0,0,0,0.1,-0.4,-12.0,distances,200,32,200,35,200,28
request,0,0,0,0.1,-0.4,-12.0,distances,200,32,200,35,200,28
request,0,0,0,0.1,-0.4,-12.0,distances,200,32,200,35,200,28
request,0,0,0,0.1,-0.4,-12.0,distances,200,32,200,35,200,28
request,0,0,0,0.1,-0.4,-12.0,distances,200,32,200,35,200,28
request,0,0,0,0.1,-0.4,-12.0,distances,200,32,200,35,200,28
request,0,0,0,0.1,-0.4,-12.0,distances,200,32,200,35,200,28
request,0,0,0,0.1,-0.4,-12.0,distances,200,33,200,35,200,27
request,0,0,0,0.1,-0.4,-12.0,distances,200,33,200,34,200,27
request,0,0,0,0.2,-0.4,-12.0,distances,200,34,200,34,200,27
request,0,0,0,0.2,-0.4,-12.0,distances,200,34,200,34,200,27
request,0,0,0,0.2,-0.4,-12.0,distances,200,34,200,34,200,26
request,0,0,0,0.3,-0.4,-12.0,distances,200,34,200,34,200,26
request,0,0,0,0.3,-0.4,-12.0,distances,200,35,200,34,200,26
request,0,0,0,0.3,-0.4,-12.0,distances,200,35,200,34,200,26
request,0,0,0,0.4,-0.4,-12.0,distances,200,36,200,34,200,26
request,0,0,0,0.4,-0.4,-12.0,distances,200,36,200,34,200,26
request,0,0,0,0.4,-0.4,-12.0,distances,200,36,200,33,200,26
request,0,0,0,0.5,-0.4,-12.0,distances,200,36,200,33,200,26
request,0,0,0,0.5,-0.4,-12.0,distances,200,36,200,33,200,26
request,0,0,0,0.5,-0.4,-12.0,distances,200,36,200,33,200,26
request,0,0,0,0.5,-0.4,-12.0,distances,200,37,200,32,200,26
request,0,0,0,0.5,-0.4,-12.0,distances,200,37,200,32,200,25
request,0,0,0,0.6,-0.4,-12.0,distances,200,37,200,32,200,25
request,0,0,0,0.6,-0.4,-12.0,distances,200,38,200,32,200,25
request,0,0,0,0.6,-0.4,-12.0,distances,200,38,200,32,200,25
request,0,0,0,0.6,-0.4,-12.0,distances,200,38,200,32,200,25
request,0,0,0,0.6,-0.4,-12.0,distances,200,38,200,32,200,25
request,0,0,0,0.6,-0.4,-12.0,distances,200,38,200,32,200,25
request,0,0,0,0.6,-0.4,-12.0,distances,212,38,200,32,200,25
request,0,0,0,0.6,-0.4,-12.0,distances,212,38,200,32,200,25
request,0,0,0,0.6,-0.4,-12.0,distances,212,38,200,32,200,25
request,0,0,0,0.7,-0.4,-12.0,distances,212,38,200,32,200,24
request,0,0,0,0.7,-0.4,-12.0,distances,212,38,200,32,204,24
request,0,0,0,0.7,-0.4,-12.0,distances,212,39,200,32,204,24
request,0,0,0,0.7,-0.4,-12.0,distances,212,39,200,32,204,24
request,0,0,0,0.8,-0.4,-12.0,distances,212,40,200,31,204,24
request,0,0,0,0.8,-0.4,-12.0,distances,212,40,200,31,204,24
request,0,0,0,0.9,-0.4,-12.0,distances,212,40,200,31,200,24
request,0,0,0,0.9,-0.4,-12.0,distances,200,40,200,30,202,24
request,0,0,0,0.9,-0.4,-12.0,distances,200,41,200,30,202,24
request,0,0,0,1.0,-0.4,-12.0,distances,200,41,200,30,202,24
request,0,0,0,1.0,-0.4,-12.0,distances,200,42,200,30,202,23
request,0,0,0,1.0,-0.4,-12.0,distances,200,42,200,30,201,23
request,0,0,0,1.0,-0.4,-12.0,distances,200,42,200,30,201,23
request,0,0,0,1.1,-0.4,-12.0,distances,200,42,200,30,200,23
request,0,0,0,1.1,-0.4,-12.0,distances,200,42,200,30,200,23
request,0,0,0,1.1,-0.4,-12.0,distances,200,42,200,30,200,22
request,0,0,0,1.1,-0.4,-12.0,distances,200,42,200,30,200,22
request,0,0,0,1.1,-0.4,-12.0,distances,200,43,200,29,200,22
request,0,0,0,1.2,-0.4,-12.0,distances,200,43,200,29,200,22
request,0,0,0,1.2,-0.4,-12.0,distances,200,44,200,29,200,22
request,0,0,0,1.2,-0.4,-12.0,distances,200,44,200,28,199,22
request,0,0,0,1.3,-0.4,-12.0,distances,200,44,200,28,198,22
request,0,0,0,1.3,-0.4,-12.0,distances,200,44,200,28,198,22
request,0,0,0,1.4,-0.4,-12.0,distances,200,45,200,28,198,22
request,0,0,0,1.5,-0.4,-12.0,distances,200,46,200,28,196,21
request,0,0,0,1.5,-0.4,-12.0,distances,200,47,200,27,196,20
request,0,0,0,1.6,-0.4,-12.0,distances,200,48,200,26,194,20
request,0,0,0,1.7,-0.4,-12.0,distances,200,48,200,26,194,20
request,0,0,0,1.8,-0.4,-12.0,distances,200,49,200,26,193,20
request,0,0,0,1.9,-0.4,-12.0,distances,200,50,200,25,192,19
request,0,0,0,1.9,-0.4,-12.0,distances,200,50,200,24,192,18
request,0,0,0,2.0,-0.4,-12.0,distances,200,51,200,24,190,18
request,0,0,0,2.1,-0.4,-12.0,distances,200,52,200,24,190,18
request,0,0,0,2.1,-0.4,-12.0,distances,200,52,200,24,190,18
request,0,0,0,2.1,-0.4,-12.0,distances,200,52,200,24,189,18
request,0,0,0,2.2,-0.4,-12.0,distances,200,52,200,24,188,18
request,0,0,0,2.2,-0.4,-12.0,distances,200,53,200,23,188,17
request,0,0,0,2.2,-0.4,-12.0,distances,200,53,200,23,188,17
request,0,0,0,2.3,-0.4,-12.0,distances,200,54,200,22,188,17
request,0,0,0,2.3,-0.4,-12.0,distances,200,54,200,22,188,16
request,0,0,0,2.3,-0.4,-12.0,distances,200,54,200,22,187,16
request,0,0,0,2.4,-0.4,-12.0,distances,200,54,200,22,186,16
request,0,0,0,2.4,-0.4,-12.0,distances,200,55,200,22,186,16
request,0,0,0,2.5,-0.4,-12.0,distances,200,56,200,22,186,16
request,0,0,0,2.5,-0.4,-12.0,distances,200,56,200,22,184,16
request,0,0,0,2.6,-0.3,-12.0,distances,200,56,200,20,184,16
request,0,0,0,2.7,-0.3,-12.0,distances,200,57,200,20,184,15
request,0,0,0,2.7,-0.3,-12.0,distances,200,58,200,20,182,15
request,0,0,0,2.8,-0.3,-12.0,distances,200,58,200,20,182,14
request,0,0,0,2.8,-0.3,-12.0,distances,200,58,200,20,182,14
request,0,0,0,2.9,-0.3,-12.0,distances,200,59,200,19,180,14
request,0,0,0,3.0,-0.3,-12.0,distances,200,60,200,18,180,14
request,0,0,0,3.0,-0.3,-12.0,distances,200,60,200,18,180,14
request,0,0,0,3.1,-0.3,-12.0,distances,200,61,200,18,178,13
request,0,0,0,3.1,-0.3,-12.0,distances,200,62,200,18,178,13
request,0,0,0,3.2,-0.3,-12.0,distances,200,62,200,17,178,12
request,0,0,0,3.3,-0.3,-12.0,distances,200,62,200,16,176,12
request,0,0,0,3.3,-0.3,-12.0,distances,200,62,200,16,176,12
request,0,0,0,3.3,-0.3,-12.0,distances,200,63,200,16,176,12
request,0,0,0,3.4,-0.3,-12.0,distances,200,64,200,16,176,12
request,0,0,0,3.4,-0.3,-12.0,distances,200,64,200,16,174,12
request,0,0,0,3.5,-0.3,-12.0,distances,200,64,200,16,174,12
request,0,0,0,3.5,-0.3,-12.0,distances,200,64,200,15,174,12
request,0,0,0,3.5,-0.3,-12.0,distances,200,64,200,14,174,11
request,0,0,0,3.5,-0.3,-12.0,distances,200,65,200,14,174,11
request,0,0,0,3.6,-0.3,-12.0,distances,200,65,200,14,173,11
request,0,0,0,3.6,-0.3,-12.0,distances,200,66,200,14,172,10
request,0,0,0,3.7,-0.3,-12.0,distances,200,66,200,14,172,10
request,0,0,0,3.7,-0.3,-12.0,distances,200,66,200,14,172,10
request,0,0,0,3.7,-0.3,-12.0,distances,200,66,200,14,171,10
request,0,0,0,3.8,-0.3,-12.0,distances,200,67,200,13,170,10
request,0,0,0,3.8,-0.3,-12.0,distances,200,68,200,12,170,10
request,0,0,0,3.9,-0.3,-12.0,distances,200,68,200,12,170,10
request,0,0,0,3.9,-0.3,-12.0,distances,200,68,200,12,168,10
request,0,0,0,4.0,-0.3,-12.0,distances,200,68,200,12,168,9
request,0,0,0,4.0,-0.3,-12.0,distances,200,69,200,12,168,9
request,0,0,0,4.1,-0.3,-12.0,distances,200,70,200,10,167,8
request,0,0,0,4.2,-0.3,-12.0,distances,200,70,200,10,166,8
request,0,0,0,4.2,-0.3,-12.0,distances,200,70,200,10,166,8
request,0,0,0,4.3,-0.3,-12.0,distances,200,71,200,10,165,8
request,0,0,0,4.3,-0.3,-12.0,distances,200,71,200,10,164,8
request,0,0,0,4.4,-0.3,-12.0,distances,200,72,200,8,164,8
request,0,0,0,4.4,-0.3,-12.0,distances,200,72,200,8,164,7
request,0,0,0,4.5,-0.3,-12.0,distances,200,72,200,8,162,7
request,0,0,0,4.5,-0.3,-12.0,distances,200,73,200,8,162,6
request,0,0,0,4.6,-0.3,-12.0,distances,200,74,200,8,162,6
request,0,0,0,4.6,-0.3,-12.0,distances,200,74,200,7,160,6
request,0,0,0,4.7,-0.3,-12.0,distances,200,74,200,6,160,6
request,0,0,0,4.7,-0.3,-12.0,distances,200,74,200,6,160,6
request,0,0,0,4.8,-0.3,-12.0,distances,200,75,200,6,159,6
request,0,0,0,4.8,-0.3,-12.0,distances,200,76,200,6,158,6
request,0,0,0,4.9,-0.3,-12.0,distances,200,76,200,6,158,5
request,0,0,0,4.9,-0.3,-12.0,distances,200,76,200,4,157,5
request,0,0,0,5.0,-0.3,-12.0,distances,200,77,200,4,156,4
request,0,0,0,5.0,-0.3,-12.0,distances,200,77,200,4,156,4
request,0,0,0,5.1,-0.3,-12.0,distances,200,78,200,4,156,4
request,0,0,0,5.1,-0.3,-12.0,distances,200,78,200,4,154,4
request,0,0,0,5.2,-0.3,-12.0,distances,200,78,200,3,154,4
request,0,0,0,5.2,-0.3,-12.0,distances,200,79,200,2,154,4
request,0,0,0,5.3,-0.3,-12.0,distances,200,79,200,2,152,3
request,0,0,0,5.3,-0.3,-12.0,distances,200,80,200,2,152,3
request,0,0,0,5.4,-0.3,-12.0,distances,200,80,200,2,152,2
request,0,0,0,5.4,-0.3,-12.0,distances,200,80,200,1,150,2
request,0,0,0,5.5,-0.3,-12.0,distances,200,81,200,0,150,2
request,0,0,0,5.5,-0.3,-12.0,distances,200,81,200,0,150,2
request,0,0,0,5.6,-0.3,-12.0,distances,200,82,200,0,150,2
request,0,0,0,5.6,-0.3,-12.0,distances,200,82,200,0,148,2
request,0,0,0,5.7,-0.3,-12.0,distances,200,82,200,0,148,2
request,0,0,0,5.7,-0.3,-12.0,distances,200,82,200,-2,148,2
request,0,0,0,5.7,-0.3,-12.0,distances,200,83,200,-2,147,1
request,0,0,0,5.8,-0.3,-12.0,distances,200,83,200,-2,146,1
request,0,0,0,5.8,-0.3,-12.0,distances,200,84,200,-2,146,0
request,0,0,0,5.9,-0.3,-12.0,distances,200,84,200,-2,146,0
request,0,0,0,5.9,-0.3,-12.0,distances,200,84,200,-2,144,0
request,0,0,0,6.0,-0.3,-12.0,distances,200,84,200,-4,144,0
request,0,0,0,6.0,-0.3,-12.0,distances,200,85,200,-4,144,0
request,0,0,0,6.0,-0.3,-12.0,distances,200,85,200,-4,144,0
request,0,0,0,6.1,-0.3,-12.0,distances,200,86,200,-4,142,0
request,0,0,0,6.1,-0.3,-12.0,distances,200,86,200,-4,142,0
request,0,0,0,6.2,-0.3,-12.0,distances,200,86,200,0,142,-1
request,0,0,0,6.2,-0.3,-12.0,distances,200,86,200,0,140,-1
request,0,0,0,6.3,-0.3,-12.0,distances,200,87,200,0,140,-2
request,0,0,0,6.3,-0.3,-12.0,distances,200,87,200,0,140,-2
request,0,0,0,6.4,-0.3,-12.0,distances,200,88,200,0,140,-2
request,0,0,0,6.4,-0.3,-12.0,distances,200,88,200,0,138,-2
request,0,0,0,6.4,-0.3,-12.0,distances,200,88,200,0,138,-2
request,0,0,0,6.5,-0.3,-12.0,distances,200,88,200,0,138,-2
request,0,0,0,6.5,-0.3,-12.0,distances,200,89,200,0,136,-2
request,0,0,0,6.6,-0.3,-12.0,distances,200,89,200,0,136,-2
request,0,0,0,6.6,-0.3,-12.0,distances,200,90,200,0,136,-2
request,0,0,0,6.7,-0.2,-12.0,distances,200,90,200,0,136,0
request,0,0,0,6.7,-0.2,-12.0,distances,200,90,200,0,134,0
request,0,0,0,6.7,-0.2,-12.0,distances,200,90,200,0,134,-4
request,0,0,0,6.8,-0.2,-12.0,distances,200,91,200,0,134,-4
request,0,0,0,6.8,-0.2,-12.0,distances,200,91,200,0,134,-4
request,0,0,0,6.9,-0.2,-12.0,distances,200,91,200,-12,132,-4
request,0,0,0,6.9,-0.2,-12.0,distances,200,92,200,-12,132,-4
request,0,0,0,6.9,-0.2,-12.0,distances,200,92,200,-12,132,-4
request,0,0,0,7.0,-0.2,-12.0,distances,200,92,200,-12,132,-4
request,0,0,0,7.0,-0.2,-12.0,distances,200,92,200,-12,130,-4
request,0,0,0,7.1,-0.2,-12.0,distances,200,93,200,0,130,-4
request,0,0,0,7.1,-0.2,-12.0,distances,200,93,200,0,130,0
request,0,0,0,7.1,-0.2,-12.0,distances,200,93,200,0,128,0
request,0,0,0,7.2,-0.2,-12.0,distances,200,94,200,0,128,0
request,0,0,0,7.2,-0.2,-12.0,distances,200,94,200,0,128,0
request,0,0,0,7.3,-0.2,-12.0,distances,200,94,200,0,128,0
request,0,0,0,7.3,-0.2,-12.0,distances,200,94,200,0,126,0
request,0,0,0,7.3,-0.2,-12.0,distances,200,95,200,0,126,0
request,0,0,0,7.4,-0.2,-12.0,distances,200,95,200,0,126,0
request,0,0,0,7.4,-0.2,-12.0,distances,200,95,200,0,126,0
request,0,0,0,7.4,-0.2,-12.0,distances,200,96,200,0,124,0
request,0,0,0,7.5,-0.2,-12.0,distances,200,96,200,0,124,0
request,0,0,0,7.5,-0.2,-12.0,distances,200,96,200,0,124,0
request,0,0,0,7.6,-0.2,-12.0,distances,200,96,200,0,124,0
request,0,0,0,7.6,-0.2,-12.0,distances,200,96,200,0,122,0
request,0,0,0,7.6,-0.2,-12.0,distances,200,97,200,0,122,0
request,0,0,0,7.7,-0.2,-12.0,distances,200,97,200,0,122,0
request,0,0,0,7.7,-0.2,-12.0,distances,200,97,200,0,122,0
request,0,0,0,7.7,-0.2,-12.0,distances,200,98,200,0,122,0
request,0,0,0,7.8,-0.2,-12.0,distances,200,98,200,0,120,0
request,0,0,0,7.8,-0.2,-12.0,distances,200,98,200,0,120,0
request,0,0,0,7.8,-0.2,-12.0,distances,200,98,200,0,120,0
request,0,0,0,7.9,-0.2,-12.0,distances,200,98,200,0,120,0
request,0,0,0,7.9,-0.2,-12.0,distances,200,99,200,0,118,0
request,0,0,0,7.9,-0.2,-12.0,distances,200,99,200,0,118,0
request,0,0,0,7.9,-0.2,-12.0,distances,200,99,200,0,118,0
request,0,0,0,8.0,-0.2,-12.0,distances,200,99,200,0,118,0
request,0,0,0,8.0,-0.2,-12.0,distances,200,100,200,0,118,0
request,0,0,0,8.0,-0.2,-12.0,distances,200,100,200,0,118,0
request,0,0,0,8.1,-0.2,-12.0,distances,200,100,200,0,116,0
request,0,0,0,8.1,-0.2,-12.0,distances,200,100,200,0,116,0
request,0,0,0,8.1,-0.2,-12.0,distances,200,100,200,0,116,0
request,0,0,0,8.1,-0.2,-12.0,distances,200,100,200,0,116,0
request,0,0,0,8.2,-0.2,-12.0,distances,200,101,200,0,114,0
request,0,0,0,8.2,-0.2,-12.0,distances,200,101,200,0,114,0
request,0,0,0,8.2,-0.2,-12.0,distances,200,101,200,0,114,0
request,0,0,0,8.3,-0.2,-12.0,distances,200,101,200,0,114,0
request,0,0,0,8.3,-0.2,-12.0,distances,200,102,200,0,114,0
request,0,0,0,8.3,-0.2,-12.0,distances,200,102,200,0,112,0
request,0,0,0,8.3,-0.2,-12.0,distances,200,102,200,0,112,0
request,0,0,0,8.4,-0.2,-12.0,distances,200,102,200,0,112,0
request,0,0,0,8.4,-0.1,-12.0,distances,200,102,200,0,112,0
request,0,0,0,8.4,-0.1,-12.0,distances,200,102,200,0,112,0
request,0,0,0,8.4,-0.1,-12.0,distances,200,103,200,0,112,0
request,0,0,0,8.5,-0.1,-12.0,distances,200,103,200,0,110,0
request,0,0,0,8.5,-0.1,-12.0,distances,200,103,200,0,110,0
request,0,0,0,8.5,-0.1,-12.0,distances,200,103,200,0,110,0
request,0,0,0,8.5,-0.1,-12.0,distances,200,103,200,0,110,0
request,0,0,0,8.6,-0.1,-12.0,distances,200,104,200,0,110,0
request,0,0,0,8.6,-0.1,-12.0,distances,200,104,200,0,110,0
request,0,0,0,8.6,-0.1,-12.0,distances,200,104,200,0,108,0
request,0,0,0,8.6,-0.1,-12.0,distances,200,104,200,0,108,0
request,0,0,0,8.7,-0.1,-12.0,distances,200,104,200,0,108,0
request,0,0,0,8.7,-0.1,-12.0,distances,200,104,200,0,108,0
request,0,0,0,8.7,-0.1,-12.0,distances,200,104,200,0,108,0
request,0,0,0,8.7,-0.1,-12.0,distances,200,104,200,0,108,0
request,0,0,0,8.7,-0.1,-12.0,distances,200,105,200,0,106,0
request,0,0,0,8.8,-0.1,-12.0,distances,200,105,200,0,106,0
request,0,0,0,8.8,-0.1,-12.0,distances,200,105,200,0,106,0
request,0,0,0,8.8,-0.1,-12.0,distances,200,105,200,0,106,0
request,0,0,0,8.8,-0.1,-12.0,distances,200,105,200,0,106,0
request,0,0,0,8.8,-0.1,-12.0,distances,200,105,200,0,106,0
request,0,0,0,8.8,-0.1,-12.0,distances,200,105,200,0,106,0
request,0,0,0,8.9,-0.1,-12.0,distances,200,106,200,0,106,0
request,0,0,0,8.9,-0.1,-12.0,distances,200,106,200,0,104,0
request,0,0,0,8.9,-0.1,-12.0,distances,200,106,200,0,104,0
request,0,0,0,8.9,-0.1,-12.0,distances,200,106,200,0,104,0
request,0,0,0,8.9,-0.1,-12.0,distances,200,106,200,0,104,0
request,0,0,0,8.9,-0.1,-12.0,distances,200,106,200,0,104,0
request,0,0,0,8.9,-0.0,-12.0,distances,200,106,200,0,104,0
request,0,0,0,8.9,-0.0,-12.0,distances,200,106,200,0,104,0
request,0,0,0,9.0,-0.0,-12.0,distances,200,106,200,0,104,0
request,0,0,0,9.0,-0.0,-12.0,distances,200,106,200,0,104,0
request,0,0,0,9.0,-0.0,-12.0,distances,200,106,200,0,104,0
request,0,0,0,9.0,-0.0,-12.0,distances,200,106,200,0,104,0
request,0,0,0,9.0,-0.0,-12.0,distances,200,106,200,0,104,0
request,0,0,0,9.0,-0.0,-12.0,distances,200,106,200,0,104,0
request,0,0,0,9.0,-0.0,-12.0,distances,200,106,200,0,104,0
request,0,0,0,9.0,-0.0,-12.0,distances,200,106,200,0,104,0
request,0,0,0,9.0,-0.0,-12.0,distances,200,106,200,0,102,0
request,0,0,0,9.0,0.0,-12.0,distances,200,106,200,0,102,0
request,0,0,0,9.0,0.0,-12.0,distances,200,106,200,0,104,0
request,0,0,0,9.0,0.0,-12.0,distances,200,106,200,0,104,0
request,0,0,0,9.0,0.0,-12.0,distances,200,106,200,0,104,0
request,0,0,0,9.0,0.0,-12.0,distances,200,106,200,0,104,0
request,0,0,0,8.9,0.0,-12.0,distances,200,106,200,0,104,0
request,0,0,0,8.9,0.0,-12.0,distances,200,106,200,0,104,0
request,0,0,0,8.9,0.0,-12.0,distances,200,106,200,0,104,0
request,0,0,0,8.9,0.0,-12.0,distances,200,106,200,0,104,0
request,0,0,0,8.9,0.1,-12.0,distances,200,106,200,0,104,0
request,0,0,0,8.9,0.1,-12.0,distances,200,106,200,0,104,0
request,0,0,0,8.8,0.1,-12.0,distances,200,106,200,0,106,0
request,0,0,0,8.8,0.1,-12.0,distances,200,105,200,0,106,0
request,0,0,0,8.8,0.1,-12.0,distances,200,105,200,0,106,0
request,0,0,0,8.8,0.1,-12.0,distances,200,105,200,0,106,0
request,0,0,0,8.7,0.1,-12.0,distances,200,105,200,0,106,0
request,0,0,0,8.7,0.1,-12.0,distances,200,105,200,0,106,0
request,0,0,0,8.7,0.1,-12.0,distances,200,104,200,0,106,0
request,0,0,0,8.7,0.1,-12.0,distances,200,104,200,0,108,0
request,0,0,0,8.7,0.1,-12.0,distances,200,104,200,0,108,0
request,0,0,0,8.6,0.1,-12.0,distances,200,104,200,0,108,0
request,0,0,0,8.6,0.1,-12.0,distances,200,104,200,0,108,0
request,0,0,0,8.6,0.1,-12.0,distances,200,104,200,0,108,0
request,0,0,0,8.6,0.1,-12.0,distances,200,104,200,0,108,0
request,0,0,0,8.6,0.1,-12.0,distances,200,104,200,0,108,0
request,0,0,0,8.6,0.2,-12.0,distances,200,104,200,0,108,0
request,0,0,0,8.5,0.2,-12.0,distances,200,104,200,0,110,0
request,0,0,0,8.5,0.2,-12.0,distances,200,104,200,0,110,0
request,0,0,0,8.5,0.2,-12.0,distances,200,103,200,0,110,0
request,0,0,0,8.5,0.2,-12.0,distances,200,103,200,0,110,0
request,0,0,0,8.5,0.2,-12.0,distances,200,103,200,0,110,0
request,0,0,0,8.4,0.2,-12.0,distances,200,103,200,0,110,0
request,0,0,0,8.4,0.2,-12.0,distances,200,103,200,0,110,0
request,0,0,0,8.4,0.2,-12.0,distances,200,102,200,0,112,0
request,0,0,0,8.4,0.2,-12.0,distances,200,102,200,0,112,0
request,0,0,0,8.3,0.2,-12.0,distances,200,102,200,0,112,0
request,0,0,0,8.3,0.2,-12.0,distances,200,102,200,0,112,0
request,0,0,0,8.3,0.2,-12.0,distances,200,102,200,0,112,0
request,0,0,0,8.2,0.2,-12.0,distances,200,102,200,0,112,0
request,0,0,0,8.2,0.2,-12.0,distances,200,102,200,0,114,0
request,0,0,0,8.2,0.2,-12.0,distances,200,101,200,0,114,0
request,0,0,0,8.2,0.2,-12.0,distances,200,101,200,0,114,0
request,0,0,0,8.1,0.3,-12.0,distances,200,101,200,0,114,0
request,0,0,0,8.1,0.3,-12.0,distances,200,100,200,0,114,0
request,0,0,0,8.1,0.3,-12.0,distances,200,100,200,0,116,-4
request,0,0,0,8.1,0.3,-12.0,distances,200,100,200,0,116,-4
request,0,0,0,8.0,0.3,-12.0,distances,200,100,200,0,116,-4
request,0,0,0,8.0,0.3,-12.0,distances,200,100,200,0,116,-4
request,0,0,0,8.0,0.3,-12.0,distances,200,100,200,0,116,-4
request,0,0,0,7.9,0.3,-12.0,distances,200,100,200,0,118,-4
request,0,0,0,7.9,0.3,-12.0,distances,200,99,200,0,118,-4
request,0,0,0,7.9,0.3,-12.0,distances,200,99,200,0,118,-4
request,0,0,0,7.8,0.3,-12.0,distances,200,99,200,0,118,0
request,0,0,0,7.8,0.3,-12.0,distances,200,98,200,0,118,0
request,0,0,0,7.8,0.3,-12.0,distances,200,98,200,0,120,0
request,0,0,0,7.7,0.3,-12.0,distances,200,98,200,0,120,-2
request,0,0,0,7.7,0.3,-12.0,distances,200,98,200,0,120,-2
request,0,0,0,7.7,0.3,-12.0,distances,200,98,200,0,120,-2
request,0,0,0,7.7,0.3,-12.0,distances,200,98,200,0,122,-2
request,0,0,0,7.6,0.4,-12.0,distances,200,97,200,0,122,-2
request,0,0,0,7.6,0.4,-12.0,distances,200,97,200,0,122,-2
request,0,0,0,7.5,0.4,-12.0,distances,200,97,200,0,122,-2
request,0,0,0,7.5,0.4,-12.0,distances,200,96,200,0,122,-1
request,0,0,0,7.5,0.4,-12.0,distances,200,96,200,0,124,-1
request,0,0,0,7.4,0.4,-12.0,distances,200,96,200,0,124,-1
request,0,0,0,7.4,0.4,-12.0,distances,200,96,200,0,124,0
request,0,0,0,7.4,0.4,-12.0,distances,200,96,200,0,124,0
request,0,0,0,7.3,0.4,-12.0,distances,200,95,200,0,126,0
request,0,0,0,7.3,0.4,-12.0,distances,200,95,200,0,126,0
request,0,0,0,7.3,0.4,-12.0,distances,200,95,200,0,126,0
request,0,0,0,7.2,0.4,-12.0,distances,200,94,200,0,126,0
request,0,0,0,7.2,0.4,-12.0,distances,200,94,200,0,126,0
request,0,0,0,7.2,0.4,-12.0,distances,200,94,200,0,128,1
request,0,0,0,7.1,0.4,-12.0,distances,200,94,200,0,128,1
request,0,0,0,7.1,0.4,-12.0,distances,200,94,200,0,128,1
request,0,0,0,7.1,0.5,-12.0,distances,200,94,200,0,128,2
request,0,0,0,7.0,0.5,-12.0,distances,200,93,200,0,128,2
request,0,0,0,7.0,0.5,-12.0,distances,200,93,200,0,130,2
request,0,0,0,7.0,0.5,-12.0,distances,200,93,200,0,130,2
request,0,0,0,7.0,0.5,-12.0,distances,200,92,200,0,130,2
request,0,0,0,6.9,0.5,-12.0,distances,200,92,200,0,130,2
request,0,0,0,6.9,0.5,-12.0,distances,200,92,200,0,130,2
request,0,0,0,6.9,0.5,-12.0,distances,200,92,200,0,132,2
request,0,0,0,6.8,0.5,-12.0,distances,200,92,200,0,132,3
request,0,0,0,6.8,0.5,-12.0,distances,200,92,200,0,132,3
request,0,0,0,6.8,0.5,-12.0,distances,200,92,200,0,132,3
request,0,0,0,6.8,0.5,-12.0,distances,200,91,200,0,132,4
request,0,0,0,6.7,0.5,-12.0,distances,200,91,200,0,133,4
request,0,0,0,6.7,0.5,-12.0,distances,200,91,200,0,134,4
request,0,0,0,6.7,0.5,-12.0,distances,200,90,200,0,134,4
request,0,0,0,6.6,0.5,-12.0,distances,200,90,200,0,134,4
request,0,0,0,6.6,0.5,-12.0,distances,200,90,200,0,134,4
request,0,0,0,6.6,0.5,-12.0,distances,200,90,200,0,135,4
request,0,0,0,6.6,0.5,-12.0,distances,200,90,200,0,136,4
request,0,0,0,6.5,0.5,-12.0,distances,200,89,200,0,136,4
request,0,0,0,6.5,0.5,-12.0,distances,200,89,200,0,136,4
request,0,0,0,6.4,0.5,-12.0,distances,200,89,200,0,136,5
request,0,0,0,6.4,0.5,-12.0,distances,200,88,200,0,138,5
request,0,0,0,6.4,0.5,-12.0,distances,200,88,200,0,138,5
request,0,0,0,6.4,0.5,-12.0,distances,200,88,200,0,138,6
request,0,0,0,6.3,0.5,-12.0,distances,200,88,200,0,138,6
request,0,0,0,6.3,0.5,-12.0,distances,200,88,200,0,138,6
request,0,0,0,6.2,0.5,-12.0,distances,200,87,200,0,140,6
request,0,0,0,6.2,0.5,-12.0,distances,200,87,200,0,140,6
request,0,0,0,6.2,0.5,-12.0,distances,200,87,200,0,140,6
request,0,0,0,6.2,0.5,-12.0,distances,200,86,200,0,140,6
request,0,0,0,6.1,0.5,-12.0,distances,200,86,200,0,141,6
request,0,0,0,6.1,0.5,-12.0,distances,200,86,200,0,142,6
request,0,0,0,6.1,0.5,-12.0,distances,200,86,200,0,142,6
request,0,0,0,6.0,0.5,-12.0,distances,200,86,200,0,142,6
request,0,0,0,6.0,0.5,-12.0,distances,200,86,200,0,142,6
request,0,0,0,6.0,0.5,-12.0,distances,200,86,200,-12,142,6
request,0,0,0,6.0,0.5,-12.0,distances,200,85,200,-12,143,6
request,0,0,0,5.9,0.5,-12.0,distances,200,85,200,-12,144,6
request,0,0,0,5.9,0.4,-12.0,distances,200,85,200,-12,144,6
request,0,0,0,5.9,0.4,-12.0,distances,200,84,200,-12,144,6
request,0,0,0,5.9,0.4,-12.0,distances,200,84,200,-12,144,6
request,0,0,0,5.8,0.4,-12.0,distances,200,84,200,0,144,6
request,0,0,0,5.8,0.4,-12.0,distances,200,84,200,0,146,7
request,0,0,0,5.8,0.4,-12.0,distances,200,84,200,0,146,7
request,0,0,0,5.8,0.4,-12.0,distances,200,84,200,0,146,7
request,0,0,0,5.7,0.4,-12.0,distances,200,83,200,0,146,7
request,0,0,0,5.7,0.4,-12.0,distances,200,83,200,0,146,7
request,0,0,0,5.7,0.4,-12.0,distances,200,83,200,0,146,7
request,0,0,0,5.7,0.3,-12.0,distances,200,83,200,0,147,7
request,0,0,0,5.6,0.3,-12.0,distances,200,82,200,0,148,7
request,0,0,0,5.6,0.3,-12.0,distances,200,82,200,0,148,7
request,0,0,0,5.6,0.3,-12.0,distances,200,82,200,0,148,7
request,0,0,0,5.6,0.3,-12.0,distances,200,82,200,0,148,7
request,0,0,0,5.6,0.3,-12.0,distances,200,82,200,0,148,6
request,0,0,0,5.6,0.3,-12.0,distances,200,82,200,0,148,6
request,0,0,0,5.6,0.2,-12.0,distances,200,82,200,0,148,6
request,0,0,0,5.5,0.2,-12.0,distances,200,82,200,0,148,6
request,0,0,0,5.5,0.2,-12.0,distances,200,82,200,0,149,6
request,0,0,0,5.5,0.2,-12.0,distances,200,81,200,0,150,6
request,0,0,0,5.5,0.2,-12.0,distances,200,81,200,-4,150,6
request,0,0,0,5.5,0.1,-12.0,distances,200,81,200,-4,150,6
request,0,0,0,5.5,0.1,-12.0,distances,200,81,200,-4,150,6
request,0,0,0,5.5,0.1,-12.0,distances,200,81,200,-4,150,6
request,0,0,0,5.4,0.1,-12.0,distances,200,81,200,-4,150,6
request,0,0,0,5.4,0.0,-12.0,distances,200,80,200,-2,150,5
request,0,0,0,5.4,-0.0,-12.0,distances,200,80,200,-2,150,5
request,0,0,0,5.4,-0.1,-12.0,distances,200,80,200,-2,150,4
request,0,0,0,5.4,-0.1,-12.0,distances,200,80,200,-1,151,4
request,0,0,0,5.4,-0.1,-12.0,distances,200,80,200,0,152,4
request,0,0,0,5.4,-0.2,-12.0,distances,200,80,200,0,152,4
request,0,0,0,5.4,-0.2,-12.0,distances,200,80,200,0,152,4
request,0,0,0,5.4,-0.3,-12.0,distances,200,80,200,2,152,3
request,0,0,0,5.4,-0.3,-12.0,distances,200,80,200,2,152,2
request,0,0,0,5.4,-0.4,-12.0,distances,200,80,200,2,152,2
request,0,0,0,5.3,-0.4,-12.0,distances,200,80,200,4,152,2
request,0,0,0,5.4,-0.5,-12.0,distances,200,80,200,4,152,1
request,0,0,0,5.4,-0.5,-12.0,distances,200,80,200,4,152,0
request,0,0,0,5.4,-0.6,-12.0,distances,200,80,200,6,152,0
request,0,0,0,5.4,-0.6,-12.0,distances,200,80,200,6,152,0
request,0,0,0,5.4,-0.7,-12.0,distances,200,80,200,6,152,-1
request,0,0,0,5.3,-0.7,-12.0,distances,200,80,200,7,152,-2
request,0,0,0,5.3,-0.8,-12.0,distances,200,79,200,8,152,-2
request,0,0,0,5.3,-0.9,-12.0,distances,200,79,200,8,152,-2
request,0,0,0,5.3,-0.9,-12.0,distances,200,79,200,9,152,0
request,0,0,0,5.3,-1.0,-12.0,distances,200,79,200,10,153,-4
request,0,0,0,5.3,-1.0,-12.0,distances,200,79,200,10,154,-4
request,0,0,0,5.3,-1.1,-12.0,distances,200,79,200,12,154,-4
request,0,0,0,5.3,-1.1,-12.0,distances,200,78,200,12,154,-4
request,0,0,0,5.3,-1.2,-12.0,distances,200,78,200,12,154,0
request,0,0,0,5.2,-1.2,-12.0,distances,200,78,200,14,154,0
request,0,0,0,5.2,-1.3,-12.0,distances,200,78,200,14,154,0
request,0,0,0,5.2,-1.4,-12.0,distances,200,78,200,16,154,0
request,0,0,0,5.2,-1.4,-12.0,distances,200,78,200,16,154,0
request,0,0,0,5.2,-1.5,-12.0,distances,200,78,200,16,155,0
request,0,0,0,5.2,-1.5,-12.0,distances,200,78,200,18,156,0
request,0,0,0,5.2,-1.6,-12.0,distances,200,78,200,18,156,0
request,0,0,0,5.2,-1.7,-12.0,distances,200,77,200,18,156,0
request,0,0,0,5.2,-1.7,-12.0,distances,200,77,200,20,156,0
request,0,0,0,5.1,-1.8,-12.0,distances,200,77,200,20,156,0
request,0,0,0,5.1,-1.9,-12.0,distances,200,77,200,22,156,0
request,0,0,0,5.1,-1.9,-12.0,distances,200,76,200,22,156,-12
request,0,0,0,5.1,-2.0,-12.0,distances,200,76,200,22,157,-12
request,0,0,0,5.0,-2.0,-12.0,distances,200,76,200,24,158,-12
request,0,0,0,5.0,-2.1,-12.0,distances,200,76,200,24,158,0
request,0,0,0,5.0,-2.1,-12.0,distances,200,76,200,26,158,0
request,0,0,0,5.0,-2.2,-12.0,distances,200,75,200,26,158,0
request,0,0,0,4.9,-2.2,-12.0,distances,200,75,200,26,159,0
request,0,0,0,4.9,-2.3,-12.0,distances,200,74,200,28,160,0
request,0,0,0,4.9,-2.3,-12.0,distances,200,74,200,28,160,0
request,0,0,0,4.8,-2.4,-12.0,distances,200,74,200,29,160,0
request,0,0,0,4.8,-2.4,-12.0,distances,200,74,200,30,160,0
request,0,0,0,4.8,-2.5,-12.0,distances,200,74,200,30,161,0
request,0,0,0,4.7,-2.5,-12.0,distances,200,73,200,31,162,0
request,0,0,0,4.7,-2.6,-12.0,distances,212,73,200,32,162,0
request,0,0,0,4.7,-2.6,-12.0,distances,212,73,200,32,162,0
request,0,0,0,4.7,-2.7,-12.0,distances,212,72,200,32,162,0
request,0,0,0,4.6,-2.7,-12.0,distances,200,72,200,34,162,0
request,0,0,0,4.6,-2.7,-12.0,distances,200,72,200,34,163,0
request,0,0,0,4.6,-2.8,-12.0,distances,200,72,200,34,164,0
request,0,0,0,4.6,-2.8,-12.0,distances,200,72,200,35,164,0
request,0,0,0,4.6,-2.9,-12.0,distances,200,72,200,36,164,0
request,0,0,0,4.5,-2.9,-12.0,distances,200,72,200,36,164,0
request,0,0,0,4.5,-3.0,-12.0,distances,200,71,200,37,164,0
request,0,0,0,4.5,-3.0,-12.0,distances,200,71,200,38,164,0
request,0,0,0,4.5,-3.1,-12.0,distances,200,71,200,38,165,0
request,0,0,0,4.4,-3.1,-12.0,distances,204,70,200,40,166,0
request,0,0,0,4.4,-3.2,-12.0,distances,204,70,200,40,166,0
request,0,0,0,4.4,-3.3,-12.0,distances,200,70,200,41,166,0
request,0,0,0,4.4,-3.4,-12.0,distances,202,70,200,42,166,0
request,0,0,0,4.3,-3.4,-12.0,distances,201,70,200,43,167,0
request,0,0,0,4.3,-3.5,-12.0,distances,200,69,200,44,167,0
request,0,0,0,4.3,-3.6,-12.0,distances,200,69,200,44,168,0
request,0,0,0,4.2,-3.7,-12.0,distances,198,68,200,46,168,0
request,0,0,0,4.2,-3.7,-12.0,distances,198,68,200,46,168,0
request,0,0,0,4.2,-3.8,-12.0,distances,196,68,200,47,168,0
request,0,0,0,4.2,-3.9,-12.0,distances,196,68,200,48,169,0
request,0,0,0,4.1,-3.9,-12.0,distances,195,68,200,48,170,0
request,0,0,0,4.1,-3.9,-12.0,distances,194,68,200,49,170,0
request,0,0,0,4.1,-4.0,-12.0,distances,194,67,200,50,170,0
request,0,0,0,4.0,-4.0,-12.0,distances,193,67,200,50,170,0
request,0,0,0,4.0,-4.1,-12.0,distances,192,66,200,50,170,0
request,0,0,0,4.0,-4.1,-12.0,distances,192,66,200,52,171,0
request,0,0,0,4.0,-4.1,-12.0,distances,192,66,200,52,172,0
request,0,0,0,3.9,-4.2,-12.0,distances,190,66,200,52,172,0
request,0,0,0,3.9,-4.2,-12.0,distances,190,66,200,52,172,0
request,0,0,0,3.9,-4.3,-12.0,distances,190,65,200,54,172,0
request,0,0,0,3.8,-4.3,-12.0,distances,189,65,200,54,173,0
request,0,0,0,3.8,-4.3,-12.0,distances,188,65,200,54,173,0
request,0,0,0,3.8,-4.3,-12.0,distances,188,64,200,54,174,0
request,0,0,0,3.8,-4.4,-12.0,distances,188,64,200,54,174,0
request,0,0,0,3.7,-4.4,-12.0,distances,188,64,200,55,174,0
request,0,0,0,3.7,-4.4,-12.0,distances,188,64,200,55,174,0
request,0,0,0,3.7,-4.4,-12.0,distances,187,64,200,56,174,0
request,0,0,0,3.7,-4.4,-12.0,distances,186,64,200,56,174,0
request,0,0,0,3.7,-4.4,-12.0,distances,186,64,200,56,175,0
request,0,0,0,3.6,-4.4,-12.0,distances,186,63,200,56,175,0
request,0,0,0,3.6,-4.5,-12.0,distances,186,63,200,56,176,0
request,0,0,0,3.6,-4.5,-12.0,distances,186,63,200,56,176,0
request,0,0,0,3.6,-4.5,-12.0,distances,186,63,200,56,176,0
request,0,0,0,3.5,-4.5,-12.0,distances,185,62,200,57,176,0
request,0,0,0,3.5,-4.5,-12.0,distances,184,62,200,57,176,0
request,0,0,0,3.5,-4.5,-12.0,distances,184,62,200,58,176,0
request,0,0,0,3.4,-4.5,-12.0,distances,184,62,200,58,177,0
request,0,0,0,3.4,-4.5,-12.0,distances,184,62,200,58,178,0
request,0,0,0,3.4,-4.5,-12.0,distances,184,61,200,58,178,0
request,0,0,0,3.3,-4.4,-12.0,distances,184,61,200,57,178,0
request,0,0,0,3.3,-4.4,-12.0,distances,185,61,200,57,178,0
request,0,0,0,3.3,-4.3,-12.0,distances,186,60,200,56,178,0
request,0,0,0,3.3,-4.2,-12.0,distances,186,60,200,56,179,0
request,0,0,0,3.2,-4.1,-12.0,distances,188,60,200,54,179,0
request,0,0,0,3.2,-4.0,-12.0,distances,190,60,200,54,180,0
request,0,0,0,3.2,-3.8,-12.0,distances,191,60,200,52,180,0
request,0,0,0,3.2,-3.6,-12.0,distances,192,60,200,50,180,0
request,0,0,0,3.2,-3.5,-12.0,distances,194,60,200,49,180,0
request,0,0,0,3.1,-3.3,-12.0,distances,196,60,200,47,180,0
request,0,0,0,3.1,-3.1,-12.0,distances,198,60,200,46,180,0
request,0,0,0,3.1,-2.9,-12.0,distances,200,60,200,44,180,-12
request,0,0,0,3.1,-2.7,-12.0,distances,202,60,200,42,180,0
request,0,0,0,3.1,-2.5,-12.0,distances,204,60,200,40,180,0
request,0,0,0,3.1,-2.3,-12.0,distances,200,60,200,38,180,0
request,0,0,0,3.1,-2.1,-12.0,distances,200,60,200,36,180,-4
request,0,0,0,3.1,-1.9,-12.0,distances,200,60,200,34,180,-2
request,0,0,0,3.1,-1.8,-12.0,distances,200,60,200,32,180,0
request,0,0,0,3.0,-1.6,-12.0,distances,212,60,200,31,180,1
request,0,0,0,3.0,-1.5,-12.0,distances,200,60,200,30,180,2
request,0,0,0,3.0,-1.3,-12.0,distances,200,60,200,28,180,4
request,0,0,0,3.0,-1.1,-12.0,distances,200,60,200,26,180,6
request,0,0,0,3.0,-1.0,-12.0,distances,200,60,200,24,180,8
request,0,0,0,3.0,-0.8,-12.0,distances,200,60,200,22,180,9
request,0,0,0,3.0,-0.6,-12.0,distances,200,60,200,20,179,11
request,0,0,0,3.0,-0.4,-12.0,distances,200,60,200,19,179,12
request,0,0,0,3.0,-0.3,-12.0,distances,200,60,200,18,179,14
request,0,0,0,3.1,-0.1,-12.0,distances,200,60,200,16,178,16
request,0,0,0,3.1,0.1,-12.0,distances,200,61,200,14,178,17
request,0,0,0,3.1,0.3,-12.0,distances,200,61,200,12,178,18
request,0,0,0,3.1,0.5,-12.0,distances,200,61,200,10,178,20
request,0,0,0,3.1,0.7,-12.0,distances,200,62,200,6,178,22
request,0,0,0,3.1,0.9,-12.0,distances,200,62,200,4,178,24
request,0,0,0,3.1,1.1,-12.0,distances,200,62,200,2,178,25
request,0,0,0,3.1,1.3,-12.0,distances,200,62,200,0,177,26
request,0,0,0,3.2,1.5,-12.0,distances,200,62,200,-2,176,28
request,0,0,0,3.2,1.7,-12.0,distances,200,63,200,-4,176,30
request,0,0,0,3.2,1.9,-12.0,distances,200,63,212,0,176,31
request,0,0,0,3.3,2.1,-12.0,distances,200,64,200,0,175,32
request,0,0,0,3.3,2.3,-12.0,distances,200,64,200,-12,174,34
request,0,0,0,3.3,2.5,-12.0,distances,200,64,200,0,174,35
request,0,0,0,3.4,2.6,-12.0,distances,200,65,200,0,174,36
request,0,0,0,3.4,2.8,-12.0,distances,200,66,200,0,172,38
request,0,0,0,3.5,3.0,-12.0,distances,200,66,204,0,172,38
request,0,0,0,3.5,3.1,-12.0,distances,200,66,204,0,171,39
request,0,0,0,3.6,3.2,-12.0,distances,200,67,200,0,170,40
request,0,0,0,3.6,3.4,-12.0,distances,200,68,202,0,170,40
request,0,0,0,3.7,3.5,-12.0,distances,200,68,201,0,168,41
request,0,0,0,3.7,3.7,-12.0,distances,200,69,200,0,168,42
request,0,0,0,3.8,3.8,-12.0,distances,200,70,200,0,168,42
request,0,0,0,3.8,4.0,-12.0,distances,200,70,198,0,166,44
request,0,0,0,3.9,4.1,-12.0,distances,200,70,198,0,166,44
request,0,0,0,3.9,4.2,-12.0,distances,200,71,197,0,165,45
request,0,0,0,3.9,4.4,-12.0,distances,200,72,196,0,164,46
request,0,0,0,4.0,4.5,-12.0,distances,200,72,195,0,164,46
request,0,0,0,4.0,4.7,-12.0,distances,200,72,194,0,162,47
request,0,0,0,4.1,4.8,-12.0,distances,200,73,193,0,162,48
request,0,0,0,4.1,4.9,-12.0,distances,200,74,192,0,162,48
request,0,0,0,4.2,5.1,-12.0,distances,200,74,192,0,160,49
request,0,0,0,4.2,5.2,-12.0,distances,200,74,190,0,160,50
request,0,0,0,4.3,5.4,-12.0,distances,200,75,190,0,158,50
request,0,0,0,4.3,5.5,-12.0,distances,200,76,188,0,158,52
request,0,0,0,4.3,5.7,-12.0,distances,200,76,188,0,158,52
request,0,0,0,4.4,5.8,-12.0,distances,200,76,186,0,156,53
request,0,0,0,4.4,6.0,-12.0,distances,200,77,186,0,156,54
request,0,0,0,4.5,6.2,-12.0,distances,200,78,184,0,156,54
request,0,0,0,4.5,6.3,-12.0,distances,200,78,184,0,154,55
request,0,0,0,4.5,6.5,-12.0,distances,200,78,182,0,154,56
request,0,0,0,4.6,6.7,-12.0,distances,200,79,181,0,152,57
request,0,0,0,4.6,6.9,-12.0,distances,200,80,180,0,152,58
request,0,0,0,4.7,7.1,-12.0,distances,200,80,178,0,150,59
request,0,0,0,4.7,7.2,-12.0,distances,200,80,178,0,150,60
request,0,0,0,4.7,7.4,-12.0,distances,200,82,176,0,150,60
request,0,0,0,4.8,7.6,-12.0,distances,200,82,175,0,148,61
request,0,0,0,4.8,7.7,-12.0,distances,200,82,174,0,148,62
request,0,0,0,4.9,7.9,-12.0,distances,200,83,174,0,146,62
request,0,0,0,5.0,8.0,-12.0,distances,200,84,173,0,144,62
request,0,0,0,5.0,8.1,-12.0,distances,200,84,172,0,144,62
request,0,0,0,5.1,8.2,-12.0,distances,200,85,172,0,142,63
request,0,0,0,5.2,8.3,-12.0,distances,200,86,172,0,140,63
request,0,0,0,5.3,8.4,-12.0,distances,200,87,172,0,140,63
request,0,0,0,5.3,8.4,-12.0,distances,200,88,172,0,138,63
request,0,0,0,5.4,8.5,-12.0,distances,200,88,172,0,136,63
request,0,0,0,5.5,8.6,-12.0,distances,200,89,172,0,136,63
request,0,0,0,5.6,8.7,-12.0,distances,200,90,171,0,134,64
request,0,0,0,5.6,8.8,-12.0,distances,200,90,170,0,132,64
request,0,0,0,5.7,8.9,-12.0,distances,200,92,170,0,132,64
request,0,0,0,5.8,9.0,-12.0,distances,200,92,170,0,130,64
request,0,0,0,5.8,9.1,-12.0,distances,200,92,170,0,128,64
request,0,0,0,5.9,9.2,-12.0,distances,200,93,169,0,128,64
request,0,0,0,5.9,9.3,-12.0,distances,200,94,168,0,126,65
request,0,0,0,6.0,9.4,-12.0,distances,200,94,168,0,126,65
request,0,0,0,6.0,9.5,-12.0,distances,200,94,168,0,124,65
request,0,0,0,6.0,9.6,-12.0,distances,200,95,167,0,124,66
request,0,0,0,6.1,9.7,-12.0,distances,200,96,166,0,122,66
request,0,0,0,6.1,9.8,-12.0,distances,200,96,166,0,122,66
request,0,0,0,6.1,9.9,-12.0,distances,200,96,166,0,120,67
request,0,0,0,6.2,10.0,-12.0,distances,200,96,164,0,120,67
request,0,0,0,6.2,10.1,-12.0,distances,200,96,164,0,120,67
request,0,0,0,6.2,10.2,-12.0,distances,200,97,164,0,118,68
request,0,0,0,6.2,10.3,-12.0,distances,200,98,163,0,118,68
request,0,0,0,6.2,10.4,-12.0,distances,200,98,162,0,116,68
request,0,0,0,6.3,10.6,-12.0,distances,200,98,162,0,116,69
request,0,0,0,6.3,10.7,-12.0,distances,200,98,160,0,116,69
request,0,0,0,6.3,10.8,-12.0,distances,200,98,160,0,116,70
request,0,0,0,6.3,10.9,-12.0,distances,200,98,160,0,116,70
request,0,0,0,6.3,11.0,-12.0,distances,200,99,158,0,114,71
request,0,0,0,6.3,11.1,-12.0,distances,200,99,158,0,112,71
request,0,0,0,6.4,11.2,-12.0,distances,200,100,157,0,112,71
request,0,0,0,6.4,11.3,-12.0,distances,200,100,156,0,112,72
request,0,0,0,6.4,11.4,-12.0,distances,200,100,156,0,112,72
request,0,0,0,6.4,11.5,-12.0,distances,200,100,156,0,108,72
request,0,0,0,6.5,11.6,-12.0,distances,200,101,155,0,108,73
request,0,0,0,6.5,11.7,-12.0,distances,200,102,154,0,108,73
request,0,0,0,6.6,11.8,-12.0,distances,200,102,154,0,106,73
request,0,0,0,6.6,11.9,-12.0,distances,200,102,154,0,104,73
request,0,0,0,6.6,12.0,-12.0,distances,200,103,154,0,104,73
request,0,0,0,6.7,12.0,-12.0,distances,200,103,154,0,104,73
request,0,0,0,6.7,12.0,-12.0,distances,200,104,154,0,102,73
request,0,0,0,6.7,12.0,-12.0,distances,200,104,154,0,100,73
request,0,0,0,6.7,12.0,-12.0,distances,200,104,154,0,100,73
request,0,0,0,6.8,12.0,-12.0,distances,200,104,154,0,100,73
request,0,0,0,6.8,12.0,-12.0,distances,200,104,154,0,100,73
request,0,0,0,6.8,12.0,-12.0,distances,200,104,154,0,100,73
request,0,0,0,6.8,12.0,-12.0,distances,200,104,154,0,100,73
request,0,0,0,6.8,12.0,-12.0,distances,200,104,154,0,100,73
request,0,0,0,6.8,12.0,-12.0,distances,200,104,154,0,100,73
request,0,0,0,6.8,12.0,-12.0,distances,200,104,154,0,100,73
request,0,0,0,6.8,12.0,-12.0,distances,200,104,154,0,100,73
request,0,0,0,6.8,12.0,-12.0,distances,200,104,154,0,100,73
request,0,0,0,6.8,12.0,-12.0,distances,200,104,154,0,100,73
request,0,0,0,6.8,12.0,-12.0,distances,200,104,154,0,100,72
request,0,0,0,6.9,12.0,-12.0,distances,200,105,154,0,100,72
request,0,0,0,6.9,12.0,-12.0,distances,200,105,154,0,98,72
request,0,0,0,6.9,12.0,-12.0,distances,200,105,155,0,96,72
request,0,0,0,6.9,12.0,-12.0,distances,200,106,155,0,96,72
request,0,0,0,7.0,12.0,-12.0,distances,200,106,155,0,96,72
request,0,0,0,7.0,12.0,-12.0,distances,200,106,156,0,96,72
request,0,0,0,7.0,12.0,-12.0,distances,200,106,156,0,96,72
request,0,0,0,7.0,12.0,-12.0,distances,200,106,156,0,96,72
request,0,0,0,7.1,12.0,-12.0,distances,200,106,156,0,94,72
request,0,0,0,7.1,12.0,-12.0,distances,200,106,156,0,92,71
request,0,0,0,7.1,12.0,-12.0,distances,200,107,156,0,92,71
request,0,0,0,7.2,12.0,-12.0,distances,200,107,156,0,92,71
request,0,0,0,7.2,12.0,-12.0,distances,200,108,157,0,92,71
request,0,0,0,7.2,12.0,-12.0,distances,200,108,157,0,88,71
request,0,0,0,7.3,12.0,-12.0,distances,200,108,158,0,88,70
request,0,0,0,7.3,12.0,-12.0,distances,200,108,158,0,88,70
request,0,0,0,7.4,12.0,-12.0,distances,200,109,158,0,88,70
request,0,0,0,7.4,12.0,-12.0,distances,200,109,158,0,84,70
request,0,0,0,7.4,12.0,-12.0,distances,200,110,158,0,84,70
request,0,0,0,7.5,12.0,-12.0,distances,200,110,158,0,84,70
request,0,0,0,7.5,12.0,-12.0,distances,200,110,158,0,84,70
request,0,0,0,7.5,12.0,-12.0,distances,200,110,159,0,84,70
request,0,0,0,7.5,12.0,-12.0,distances,200,110,159,0,84,69
request,0,0,0,7.6,12.0,-12.0,distances,200,110,159,0,80,69
request,0,0,0,7.6,12.0,-12.0,distances,200,110,160,0,80,69
request,0,0,0,7.6,12.0,-12.0,distances,200,111,160,0,80,69
request,0,0,0,7.6,12.0,-12.0,distances,200,111,160,0,80,69
request,0,0,0,7.7,12.0,-12.0,distances,200,111,160,0,80,69
request,0,0,0,7.7,12.0,-12.0,distances,200,112,160,0,80,69
request,0,0,0,7.7,12.0,-12.0,distances,200,112,160,0,78,68
request,0,0,0,7.7,12.0,-12.0,distances,200,112,160,0,76,68
request,0,0,0,7.8,12.0,-12.0,distances,200,112,160,0,76,68
request,0,0,0,7.8,12.0,-12.0,distances,200,112,160,0,76,68
request,0,0,0,7.8,12.0,-12.0,distances,200,112,160,0,76,68
request,0,0,0,7.8,12.0,-12.0,distances,200,112,160,0,76,68
request,0,0,0,7.8,12.0,-12.0,distances,200,112,161,0,76,68
request,0,0,0,7.9,12.0,-12.0,distances,200,112,161,0,76,68
request,0,0,0,7.9,12.0,-12.0,distances,200,113,161,0,72,68
request,0,0,0,7.9,12.0,-12.0,distances,200,113,162,0,72,68
request,0,0,0,7.9,12.0,-12.0,distances,200,113,162,0,72,68
request,0,0,0,8.0,12.0,-12.0,distances,200,114,162,0,72,67
request,0,0,0,8.0,12.0,-12.0,distances,200,114,162,0,72,67
request,0,0,0,8.0,12.0,-12.0,distances,200,114,162,0,68,67
request,0,0,0,8.0,12.0,-12.0,distances,200,114,162,0,68,67
request,0,0,0,8.1,12.0,-12.0,distances,200,114,162,0,68,67
request,0,0,0,8.1,12.0,-12.0,distances,200,114,162,0,68,67
request,0,0,0,8.1,12.0,-12.0,distances,200,114,162,0,68,67
request,0,0,0,8.1,12.0,-12.0,distances,200,114,162,0,68,67
request,0,0,0,8.1,12.0,-12.0,distances,200,114,162,0,68,67
request,0,0,0,8.1,12.0,-12.0,distances,200,114,162,0,68,67
request,0,0,0,8.1,12.0,-12.0,distances,200,114,162,0,68,67
request,0,0,0,8.1,12.0,-12.0,distances,200,114,162,0,68,67
request,0,0,0,8.1,12.0,-12.0,distances,200,114,162,0,68,67
request,0,0,0,8.1,12.0,-12.0,distances,200,114,162,0,68,67
request,0,0,0,8.1,12.0,-12.0,distances,200,114,162,0,68,67
request,0,0,0,8.1,12.0,-12.0,distances,200,114,162,0,68,67
request,0,0,0,8.1,12.0,-12.0,distances,200,114,162,0,68,67
request,0,0,0,8.1,12.0,-12.0,distances,200,114,162,0,68,67
request,0,0,0,8.1,12.0,-12.0,distances,200,115,163,0,68,66
request,0,0,0,8.2,12.0,-12.0,distances,200,115,163,0,64,66
request,0,0,0,8.2,12.0,-12.0,distances,200,115,163,0,64,66
request,0,0,0,8.2,12.0,-12.0,distances,200,115,163,0,64,66
request,0,0,0,8.2,12.0,-12.0,distances,200,115,163,0,64,66
request,0,0,0,8.2,12.0,-12.0,distances,200,116,163,0,64,66
request,0,0,0,8.2,12.0,-12.0,distances,200,116,164,0,64,66
request,0,0,0,8.3,12.0,-12.0,distances,200,116,164,0,64,66
request,0,0,0,8.3,12.0,-12.0,distances,200,116,164,0,60,66
request,0,0,0,8.3,12.0,-12.0,distances,200,116,164,0,60,66
request,0,0,0,8.3,12.0,-12.0,distances,200,116,164,0,60,66
request,0,0,0,8.3,12.0,-12.0,distances,200,116,164,0,60,66
request,0,0,0,8.3,12.0,-12.0,distances,200,116,164,0,60,66
request,0,0,0,8.4,12.0,-11.9,distances,200,117,164,0,60,66
request,0,0,0,8.4,12.0,-11.7,distances,200,119,162,0,60,68
request,0,0,0,8.4,12.0,-11.4,distances,200,122,160,0,56,71
request,0,0,0,8.4,12.0,-11.2,distances,200,124,158,0,56,73
request,0,0,0,8.4,12.0,-10.9,distances,200,126,156,0,56,75
request,0,0,0,8.4,12.0,-10.7,distances,200,128,155,0,56,77
request,0,0,0,8.4,12.0,-10.4,distances,200,130,153,0,52,80
request,0,0,0,8.4,12.0,-10.1,distances,200,133,151,0,52,82
request,0,0,0,8.4,12.0,-9.9,distances,200,135,150,0,52,84
request,0,0,0,8.4,12.0,-9.6,distances,200,138,148,0,52,87
request,0,0,0,8.4,12.0,-9.3,distances,200,140,146,0,52,89
request,0,0,0,8.4,12.0,-9.0,distances,200,142,144,0,48,92
request,0,0,0,8.4,12.0,-8.8,distances,200,144,142,0,48,94
request,0,0,0,8.4,12.0,-8.5,distances,200,146,140,0,48,96
request,0,0,0,8.4,12.0,-8.2,distances,200,149,138,0,48,99
request,0,0,0,8.4,12.0,-8.0,distances,200,151,136,0,44,101
request,0,0,0,8.3,12.0,-7.7,distances,200,154,134,0,44,104
request,0,0,0,8.3,12.0,-7.4,distances,200,156,132,0,44,106
request,0,0,0,8.3,12.0,-7.1,distances,200,158,130,0,44,109
request,0,0,0,8.3,12.0,-6.9,distances,200,160,128,0,44,111
request,0,0,0,8.3,12.0,-6.6,distances,200,162,126,0,44,114
request,0,0,0,8.3,12.0,-6.4,distances,200,164,124,0,40,116
request,0,0,0,8.3,12.0,-6.1,distances,200,167,122,0,40,119
request,0,0,0,8.2,12.0,-5.8,distances,200,169,120,0,40,121
request,0,0,0,8.2,12.0,-5.5,distances,200,171,119,0,40,124
request,0,0,0,8.2,12.0,-5.2,distances,200,174,116,0,40,126
request,0,0,0,8.2,12.0,-5.0,distances,200,176,114,0,40,129
request,0,0,0,8.2,12.0,-4.7,distances,200,178,113,0,36,131
request,0,0,0,8.2,12.0,-4.4,distances,200,180,111,0,36,134
request,0,0,0,8.1,12.0,-4.2,distances,200,182,109,0,36,136
request,0,0,0,8.1,12.0,-3.9,distances,200,184,107,0,36,138
request,0,0,0,8.1,12.0,-3.6,distances,200,186,105,0,36,141
request,0,0,0,8.1,12.0,-3.4,distances,200,188,104,0,32,143
request,0,0,0,8.1,12.0,-3.1,distances,200,190,102,0,32,146
request,0,0,0,8.1,12.0,-2.8,distances,200,193,100,0,32,148
request,0,0,0,8.1,12.0,-2.6,distances,200,195,98,0,32,151
request,0,0,0,8.0,12.0,-2.4,distances,200,197,96,0,32,153
request,0,0,0,8.0,12.0,-2.1,distances,200,198,94,0,30,155
request,0,0,0,8.0,12.0,-1.9,distances,200,200,92,0,28,158
request,0,0,0,8.0,12.0,-1.6,distances,200,202,90,0,28,160
request,0,0,0,7.9,12.0,-1.4,distances,200,204,89,0,28,162
request,0,0,0,7.9,12.0,-1.2,distances,200,200,87,0,28,165
request,0,0,0,7.9,12.0,-1.0,distances,200,200,86,0,28,167
request,0,0,0,7.8,12.0,-0.7,distances,200,200,84,0,28,169
request,0,0,0,7.8,12.0,-0.5,distances,200,200,82,0,28,171
request,0,0,0,7.8,12.0,-0.2,distances,200,200,80,0,28,174
request,0,0,0,7.8,12.0,-0.0,distances,200,200,79,0,28,176
request,0,0,0,7.7,12.0,-12.0,distances,200,112,160,0,76,68
request,0,0,0,7.7,12.0,-12.0,distances,200,112,160,0,76,68
request,0,0,0,7.7,12.0,-12.0,distances,200,112,160,0,80,69
request,0,0,0,7.7,12.0,-12.0,distances,200,111,160,0,80,69
request,0,0,0,7.7,12.0,-12.0,distances,200,111,160,0,80,69
request,0,0,0,7.7,12.0,-12.0,distances,200,111,160,0,80,69
request,0,0,0,7.6,12.0,-12.0,distances,200,111,160,0,80,69
request,0,0,0,7.6,12.0,-12.0,distances,200,111,160,0,80,69
request,0,0,0,7.6,12.0,-12.0,distances,200,111,160,0,80,69
request,0,0,0,7.6,12.0,-12.0,distances,200,111,160,0,80,69
request,0,0,0,7.7,12.0,-12.0,distances,200,111,160,0,80,69
request,0,0,0,7.7,12.0,-12.0,distances,200,111,160,0,80,69
request,0,0,0,7.7,12.0,-12.0,distances,200,111,160,0,80,69
request,0,0,0,7.7,12.0,-12.0,distances,200,112,160,0,80,69
request,0,0,0,7.7,12.0,-12.0,distances,200,112,160,0,80,68
request,0,0,0,7.7,12.0,-12.0,distances,200,112,160,0,76,68
request,0,0,0,7.7,12.0,-12.0,distances,200,112,160,0,76,68
request,0,0,0,7.8,12.0,-12.0,distances,200,112,160,0,76,68
request,0,0,0,7.8,12.0,-12.0,distances,200,112,160,0,76,68
request,0,0,0,7.8,12.0,-12.0,distances,200,112,160,0,76,68
request,0,0,0,7.8,12.0,-12.0,distances,200,112,160,0,76,68
request,0,0,0,7.8,12.0,-12.0,distances,200,112,160,0,76,68
request,0,0,0,7.8,12.0,-12.0,distances,200,112,160,0,76,68
request,0,0,0,7.8,12.0,-12.0,distances,200,112,160,0,76,68
request,0,0,0,7.8,12.0,-12.0,distances,200,112,160,0,76,68
request,0,0,0,7.8,12.0,-12.0,distances,200,112,160,0,76,68
request,0,0,0,7.7,12.0,-12.0,distances,200,112,160,0,76,68
request,0,0,0,7.7,12.0,-12.0,distances,200,112,160,0,76,68
request,0,0,0,7.7,11.5,-12.0,distances,200,110,164,0,80,66
request,0,0,0,7.7,11.1,-12.0,distances,200,110,166,0,84,65
request,0,0,0,7.7,10.6,-12.0,distances,200,110,170,0,88,63
request,0,0,0,7.7,10.2,-12.0,distances,200,108,173,0,88,61
request,0,0,0,7.7,9.8,-12.0,distances,200,108,176,0,92,59
request,0,0,0,7.7,9.3,-12.0,distances,200,108,180,0,92,56
request,0,0,0,7.7,8.8,-12.0,distances,200,107,182,0,96,54
request,0,0,0,7.7,8.4,-12.0,distances,200,106,186,0,96,52
request,0,0,0,7.7,8.0,-12.0,distances,200,106,189,0,100,50
request,0,0,0,7.7,7.5,-12.0,distances,200,105,192,0,100,48
request,0,0,0,7.7,7.1,-12.0,distances,200,104,195,0,102,45
request,0,0,0,7.6,6.6,-12.0,distances,200,104,198,0,104,42
request,0,0,0,7.6,6.1,-12.0,distances,200,104,202,0,106,40
request,0,0,0,7.6,5.7,-12.0,distances,200,103,200,0,108,37
request,0,0,0,7.6,5.2,-12.0,distances,200,102,200,0,110,34
request,0,0,0,7.6,4.7,-12.0,distances,200,102,212,0,110,31
request,0,0,0,7.6,4.2,-12.0,distances,200,101,200,0,112,27
request,0,0,0,7.6,3.7,-12.0,distances,200,100,200,0,114,24
request,0,0,0,7.6,3.3,-12.0,distances,200,100,200,0,114,21
request,0,0,0,7.6,2.7,-12.0,distances,200,99,200,0,116,17
request,0,0,0,7.5,2.2,-12.0,distances,200,98,200,0,118,14
request,0,0,0,7.5,1.7,-12.0,distances,200,98,200,0,120,10
request,0,0,0,7.4,1.2,-12.0,distances,200,96,200,0,122,6
request,0,0,0,7.3,0.7,-12.0,distances,200,96,200,0,124,2
request,0,0,0,7.2,0.3,-12.0,distances,200,94,200,0,126,0
request,0,0,0,7.1,-0.2,-12.0,distances,200,93,200,0,128,-4
request,0,0,0,7.0,-0.5,-12.0,distances,200,92,200,0,130,0
request,0,0,0,6.9,-0.8,-12.0,distances,200,91,200,-4,132,0
request,0,0,0,6.8,-1.1,-12.0,distances,200,90,200,0,134,-12
request,0,0,0,6.7,-1.5,-12.0,distances,200,89,200,6,136,0
request,0,0,0,6.6,-1.8,-12.0,distances,200,88,200,10,138,0
request,0,0,0,6.5,-2.0,-12.0,distances,200,87,200,14,140,0
request,0,0,0,6.4,-2.3,-12.0,distances,200,86,200,18,142,0
request,0,0,0,6.3,-2.5,-12.0,distances,200,85,200,20,143,0
request,0,0,0,6.2,-2.6,-12.0,distances,200,84,200,24,144,0
request,0,0,0,6.1,-2.8,-12.0,distances,200,84,200,26,146,0
request,0,0,0,6.0,-3.0,-12.0,distances,200,83,200,28,148,0
request,0,0,0,5.9,-3.1,-12.0,distances,200,82,200,30,148,0
request,0,0,0,5.8,-3.3,-12.0,distances,200,81,200,34,150,0
request,0,0,0,5.7,-3.5,-12.0,distances,200,80,200,36,151,0
request,0,0,0,5.6,-3.7,-12.0,distances,200,80,200,38,152,0
request,0,0,0,5.6,-3.8,-12.0,distances,204,79,200,40,154,0
request,0,0,0,5.5,-4.0,-12.0,distances,202,78,200,42,154,0
request,0,0,0,5.4,-4.1,-12.0,distances,200,77,200,45,156,0
request,0,0,0,5.3,-4.3,-12.0,distances,198,76,200,46,157,0
request,0,0,0,5.2,-4.5,-12.0,distances,194,76,200,49,158,0
request,0,0,0,5.1,-4.6,-12.0,distances,192,75,200,51,160,0
request,0,0,0,5.0,-4.7,-12.0,distances,191,74,200,52,160,0
request,0,0,0,4.9,-4.8,-12.0,distances,189,73,200,54,162,0
request,0,0,0,4.8,-4.9,-12.0,distances,188,72,200,56,162,0
request,0,0,0,4.7,-5.0,-12.0,distances,186,72,200,56,164,0
request,0,0,0,4.6,-5.0,-12.0,distances,186,71,200,57,164,0
request,0,0,0,4.5,-5.0,-12.0,distances,184,70,200,58,166,0
request,0,0,0,4.4,-5.1,-12.0,distances,184,70,200,58,167,0
request,0,0,0,4.4,-5.1,-12.0,distances,182,69,200,60,168,0
request,0,0,0,4.3,-5.1,-12.0,distances,182,68,200,60,169,0
request,0,0,0,4.2,-5.1,-12.0,distances,182,67,200,60,170,0
request,0,0,0,4.1,-5.2,-12.0,distances,180,66,200,61,171,0
request,0,0,0,4.0,-5.2,-12.0,distances,180,66,200,62,172,0
request,0,0,0,3.9,-5.2,-12.0,distances,178,65,200,62,172,0
request,0,0,0,3.8,-5.2,-12.0,distances,178,64,200,63,174,0
request,0,0,0,3.7,-5.2,-12.0,distances,178,64,200,64,175,0
request,0,0,0,3.6,-5.3,-12.0,distances,176,63,200,64,176,0
request,0,0,0,3.5,-5.3,-12.0,distances,176,62,200,64,176,0
request,0,0,0,3.4,-5.3,-12.0,distances,176,62,200,65,178,0
request,0,0,0,3.4,-5.3,-12.0,distances,174,60,200,66,178,0
request,0,0,0,3.3,-5.3,-12.0,distances,174,60,200,66,180,0
request,0,0,0,3.2,-5.3,-12.0,distances,174,59,200,66,180,0
request,0,0,0,3.1,-5.3,-12.0,distances,174,58,200,66,181,0
request,0,0,0,3.0,-5.2,-12.0,distances,174,58,200,66,182,0
request,0,0,0,2.9,-5.1,-12.0,distances,174,57,200,66,182,0
request,0,0,0,2.9,-5.0,-12.0,distances,175,57,200,65,184,0
request,0,0,0,2.8,-5.0,-12.0,distances,176,56,200,64,184,0
request,0,0,0,2.7,-4.9,-12.0,distances,176,56,200,64,184,0
request,0,0,0,2.6,-4.8,-12.0,distances,176,55,200,64,186,0
request,0,0,0,2.6,-4.8,-12.0,distances,176,54,200,64,186,0
request,0,0,0,2.5,-4.7,-12.0,distances,176,54,200,64,187,0
request,0,0,0,2.4,-4.7,-12.0,distances,176,53,200,64,188,0
request,0,0,0,2.3,-4.6,-12.0,distances,177,52,200,63,188,0
request,0,0,0,2.3,-4.6,-12.0,distances,177,52,200,63,190,0
request,0,0,0,2.2,-4.6,-12.0,distances,177,51,200,63,190,0
request,0,0,0,2.1,-4.5,-12.0,distances,176,50,200,63,191,0
request,0,0,0,2.0,-4.5,-12.0,distances,176,50,200,64,192,0
request,0,0,0,1.9,-4.5,-12.0,distances,176,49,200,64,192,0
request,0,0,0,1.9,-4.5,-12.0,distances,176,48,200,64,194,0
request,0,0,0,1.8,-4.5,-12.0,distances,176,48,200,64,194,0
request,0,0,0,1.7,-4.5,-12.0,distances,174,47,200,64,195,0
request,0,0,0,1.6,-4.6,-12.0,distances,174,46,200,65,196,0
request,0,0,0,1.6,-4.5,-12.0,distances,174,46,200,65,196,0
request,0,0,0,1.5,-4.5,-12.0,distances,174,45,200,66,197,0
request,0,0,0,1.4,-4.5,-12.0,distances,174,44,200,66,198,0
request,0,0,0,1.4,-4.5,-12.0,distances,174,44,200,65,198,0
request,0,0,0,1.3,-4.4,-12.0,distances,174,44,200,65,199,0
request,0,0,0,1.3,-4.4,-12.0,distances,174,43,200,64,200,0
request,0,0,0,1.2,-4.3,-12.0,distances,175,42,200,64,200,0
request,0,0,0,1.2,-4.2,-12.0,distances,176,42,200,64,200,0
request,0,0,0,1.1,-4.2,-12.0,distances,176,42,200,64,201,0
request,0,0,0,1.1,-4.1,-12.0,distances,176,41,200,63,202,0
request,0,0,0,1.0,-4.0,-12.0,distances,178,41,200,62,202,0
request,0,0,0,1.0,-3.8,-12.0,distances,178,40,200,61,202,-12
request,0,0,0,0.9,-3.7,-12.0,distances,180,40,200,60,200,0
request,0,0,0,0.9,-3.5,-12.0,distances,182,40,200,59,204,0
request,0,0,0,0.8,-3.4,-12.0,distances,182,39,200,58,204,0
request,0,0,0,0.7,-3.3,-12.0,distances,184,38,200,58,204,0
request,0,0,0,0.7,-3.2,-12.0,distances,184,38,200,57,200,-4
request,0,0,0,0.6,-3.2,-12.0,distances,184,37,200,57,200,-4
request,0,0,0,0.5,-3.2,-12.0,distances,184,36,200,58,200,-4
request,0,0,0,0.5,-3.2,-12.0,distances,183,36,200,58,200,-2
request,0,0,0,0.4,-3.2,-12.0,distances,182,36,200,58,200,-2
request,0,0,0,0.3,-3.2,-12.0,distances,182,35,200,58,200,-2
request,0,0,0,0.3,-3.2,-12.0,distances,182,34,200,58,200,-2
request,0,0,0,0.2,-3.2,-12.0,distances,182,34,200,59,200,-2
request,0,0,0,0.1,-3.2,-12.0,distances,180,32,200,60,200,-2
request,0,0,0,0.0,-3.2,-12.0,distances,180,32,200,60,212,0
request,0,0,0,-0.1,-3.2,-12.0,distances,180,31,200,60,212,0
request,0,0,0,-0.2,-3.3,-12.0,distances,180,30,200,60,200,0
request,0,0,0,-0.3,-3.3,-12.0,distances,178,29,200,61,200,0
request,0,0,0,-0.4,-3.3,-12.0,distances,178,28,200,61,200,1
request,0,0,0,-0.5,-3.3,-12.0,distances,178,27,200,62,200,2
request,0,0,0,-0.6,-3.3,-12.0,distances,177,26,200,62,200,2
request,0,0,0,-0.7,-3.3,-12.0,distances,176,24,200,62,200,2
request,0,0,0,-0.9,-3.3,-12.0,distances,176,23,200,63,200,4
request,0,0,0,-1.0,-3.3,-12.0,distances,174,21,200,64,200,4
request,0,0,0,-1.2,-3.3,-12.0,distances,174,19,200,64,200,6
request,0,0,0,-1.4,-3.3,-12.0,distances,173,17,200,65,200,6
request,0,0,0,-1.7,-3.3,-12.0,distances,172,14,200,66,200,8
request,0,0,0,-1.9,-3.3,-12.0,distances,170,12,200,66,200,10
request,0,0,0,-2.2,-3.3,-12.0,distances,170,10,200,68,200,10
request,0,0,0,-2.3,-3.3,-12.0,distances,168,8,200,68,200,12
request,0,0,0,-2.3,-3.3,-12.0,distances,168,8,200,68,200,12
request,0,0,0,-2.3,-3.3,-12.0,distances,168,8,200,68,200,12
request,0,0,0,-2.3,-3.3,-12.0,distances,168,8,200,68,200,12
request,0,0,0,-2.3,-3.3,-12.0,distances,168,8,200,68,200,12
request,0,0,0,-2.3,-3.3,-12.0,distances,168,8,200,68,200,12
request,0,0,0,-2.3,-3.3,-12.0,distances,168,8,200,68,200,12
request,0,0,0,-2.3,-3.3,-12.0,distances,168,8,200,68,200,12
request,0,0,0,-2.3,-3.3,-12.0,distances,168,8,200,68,200,12
request,0,0,0,-2.3,-3.3,-12.0,distances,168,8,200,68,200,12
request,0,0,0,-2.3,-3.3,-12.0,distances,168,8,200,68,200,12
request,0,0,0,-2.3,-3.3,-12.0,distances,168,8,200,68,200,12
request,0,0,0,-2.3,-3.3,-12.0,distances,168,8,200,68,200,12
request,0,0,0,-2.3,-3.3,-12.0,distances,168,8,200,68,200,12
request,0,0,0,-2.3,-3.3,-12.0,distances,168,8,200,68,200,12
request,0,0,0,-2.3,-3.3,-12.0,distances,168,8,200,68,200,12
request,0,0,0,-2.3,-3.3,-12.0,distances,168,8,200,68,200,12
request,0,0,0,-2.3,-3.3,-12.0,distances,168,8,200,68,200,12
request,0,0,0,-2.3,-3.3,-12.0,distances,168,8,200,68,200,12
request,0,0,0,-2.3,-3.3,-12.0,distances,168,8,200,68,200,12
request,0,0,0,-2.3,-3.3,-12.0,distances,168,8,200,68,200,12
request,0,0,0,-2.3,-3.3,-12.0,distances,168,8,200,68,200,12
request,0,0,0,-2.3,-3.3,-12.0,distances,168,8,200,68,200,12
request,0,0,0,-2.3,-3.3,-12.0,distances,168,8,200,68,200,12
request,0,0,0,-2.3,-3.3,-12.0,distances,168,8,200,68,200,12
request,0,0,0,-2.3,-3.3,-12.0,distances,168,8,200,68,200,12
request,0,0,0,-2.3,-3.3,-12.0,distances,168,8,200,68,200,12
request,0,0,0,-2.3,-3.3,-12.0,distances,168,8,200,68,200,12
request,0,0,0,-2.3,-3.3,-12.0,distances,168,8,200,68,200,12
request,0,0,0,-2.3,-3.3,-12.0,distances,168,8,200,68,200,12
request,0,0,0,-2.3,-3.3,-12.0,distances,168,8,200,68,200,12
request,0,0,0,-2.3,-3.3,-12.0,distances,168,8,200,68,200,12
request,0,0,0,-2.3,-3.3,-12.0,distances,168,8,200,68,200,12
request,0,0,0,-2.3,-3.3,-12.0,distances,168,8,200,68,200,12
request,0,0,0,-2.3,-3.3,-12.0,distances,168,8,200,68,200,12
request,0,0,0,-2.3,-3.3,-12.0,distances,168,8,200,68,200,12
request,0,0,0,-2.3,-3.3,-12.0,distances,168,8,200,68,200,12
request,0,0,0,-2.3,-3.3,-12.0,distances,168,8,200,68,200,12
request,0,0,0,-2.3,-3.3,-12.0,distances,168,8,200,68,200,12
request,0,0,0,-2.3,-3.3,-12.0,distances,168,8,200,68,200,12
request,0,0,0,-2.3,-3.3,-12.0,distances,168,8,200,68,200,12
request,0,0,0,-2.3,-3.3,-12.0,distances,168,8,200,68,200,12
request,0,0,0,-2.3,-3.3,-12.0,distances,168,8,200,68,200,12
request,0,0,0,-2.3,-3.3,-12.0,distances,168,8,200,68,200,12
request,0,0,0,-2.3,-3.3,-12.0,distances,168,8,200,68,200,12
request,0,0,0,-2.3,-3.3,-12.0,distances,168,8,200,68,200,12
request,0,0,0,-2.3,-3.3,-12.0,distances,168,8,200,68,200,12
request,0,0,0,-2.3,-3.3,-12.0,distances,168,8,200,68,200,12
request,0,0,0,-2.3,-3.3,-12.0,distances,168,8,200,68,200,12
request,0,0,0,-2.3,-3.3,-12.0,distances,168,8,200,68,200,12
request,0,0,0,-2.3,-3.3,-12.0,distances,168,8,200,68,200,12
request,0,0,0,-2.3,-3.3,-12.0,distances,168,8,200,68,200,12
request,0,0,0,-2.3,-3.3,-12.0,distances,168,8,200,68,200,12
request,0,0,0,-2.3,-3.3,-12.0,distances,168,8,200,68,200,12
request,0,0,0,-2.3,-3.3,-12.0,distances,168,8,200,68,200,12
request,0,0,0,-2.3,-3.3,-12.0,distances,168,8,200,68,200,12
request,0,0,0,-2.3,-3.3,-12.0,distances,168,8,200,68,200,12
request,0,0,0,-2.3,-3.3,-12.0,distances,168,8,200,68,200,12
request,0,0,0,-2.3,-3.3,-12.0,distances,168,8,200,68,200,12
request,0,0,0,-2.3,-3.3,-12.0,distances,168,8,200,68,200,12
request,0,0,0,-2.3,-3.3,-12.0,distances,168,8,200,68,200,12
request,0,0,0,-2.3,-3.3,-12.0,distances,168,8,200,68,200,12
request,0,0,0,-2.3,-3.3,-12.0,distances,168,8,200,68,200,12
request,0,0,0,-2.3,-3.3,-12.0,distances,168,8,200,68,200,12
request,0,0,0,-2.3,-3.3,-12.0,distances,168,8,200,68,200,12
request,0,0,0,-2.3,-3.3,-12.0,distances,168,8,200,68,200,12
request,0,0,0,-2.3,-3.3,-12.0,distances,168,8,200,68,200,12
request,0,0,0,-2.3,-3.3,-12.0,distances,168,8,200,68,200,12
request,0,0,0,-2.3,-3.3,-12.0,distances,168,8,200,68,200,12
request,0,0,0,-2.3,-3.3,-12.0,distances,168,8,200,68,200,12
request,0,0,0,-2.3,-3.3,-12.0,distances,168,8,200,68,200,12
request,0,0,0,-2.3,-3.3,-12.0,distances,168,8,200,68,200,12
request,0,0,0,-2.3,-3.3,-12.0,distances,168,8,200,68,200,12
request,0,0,0,-2.3,-3.3,-12.0,distances,168,8,200,68,200,12
request,0,0,0,-2.3,-3.3,-12.0,distances,168,8,200,68,200,12
request,0,0,0,-2.3,-3.3,-12.0,distances,168,8,200,68,200,12
request,0,0,0,-2.3,-3.3,-12.0,distances,168,8,200,68,200,12
request,0,0,0,-2.3,-3.3,-12.0,distances,168,8,200,68,200,12
request,0,0,0,-2.3,-3.3,-12.0,distances,168,8,200,68,200,12
request,0,0,0,-2.3,-3.3,-12.0,distances,168,8,200,68,200,12
request,0,0,0,-2.3,-3.3,-12.0,distances,168,8,200,68,200,12
request,0,0,0,-2.3,-3.3,-12.0,distances,168,8,200,68,200,12
request,0,0,0,-2.3,-3.3,-12.0,distances,168,8,200,68,200,12
request,0,0,0,-2.3,-3.3,-12.0,distances,168,8,200,68,200,12
request,0,0,0,-2.3,-3.3,-12.0,distances,168,8,200,68,200,12
request,0,0,0,-2.3,-3.3,-12.0,distances,168,8,200,68,200,12
request,0,0,0,-2.3,-3.3,-12.0,distances,168,8,200,68,200,12
request,0,0,0,-2.3,-3.3,-12.0,distances,168,8,200,68,200,12
request,0,0,0,-2.3,-3.3,-12.0,distances,168,8,200,68,200,12
request,0,0,0,-2.3,-3.3,-12.0,distances,168,8,200,68,200,12
request,0,0,0,-2.3,-3.3,-12.0,distances,168,8,200,68,200,12
request,0,0,0,-2.3,-3.3,-12.0,distances,168,8,200,68,200,12
request,0,0,0,-2.3,-3.3,-12.0,distances,168,8,200,68,200,12
request,0,0,0,-2.3,-3.3,-12.0,distances,168,8,200,68,200,12
request,0,0,0,-2.3,-3.3,-12.0,distances,168,8,200,68,200,12
request,0,0,0,-2.3,-3.3,-12.0,distances,168,8,200,68,200,12
request,0,0,0,-2.3,-3.3,-12.0,distances,168,8,200,68,200,12
request,0,0,0,-2.3,-3.3,-12.0,distances,168,8,200,68,200,12
request,0,0,0,-2.3,-3.3,-12.0,distances,168,8,200,68,200,12
